Adipose_Subcutaneous	Adipose_Visceral_Omentum	Adrenal_Gland	Artery_Aorta	Artery_Coronary	Artery_Tibial	Bladder	Brain_Amygdala	Brain_Anterior_cingulate_cortex_BA24	Brain_Caudate_basal_ganglia	Brain_Cerebellar_Hemisphere	Brain_Cerebellum	Brain_Cortex	Brain_Frontal_Cortex_BA9	Brain_Hippocampus	Brain_Hypothalamus	Brain_Nucleus_accumbens_basal_ganglia	Brain_Putamen_basal_ganglia	Brain_Spinal_cord_cervical_c-1	Brain_Substantia_nigra	Breast_Mammary_Tissue	Cells_Cultured_fibroblasts	Cells_EBV-transformed_lymphocytes	Cervix_Ectocervix	Cervix_Endocervix	Colon_Sigmoid	Colon_Transverse	Colon_Transverse_Mixed_Cell	Colon_Transverse_Mucosa	Colon_Transverse_Muscularis	Esophagus_Gastroesophageal_Junction	Esophagus_Mucosa	Esophagus_Muscularis	Fallopian_Tube	Heart_Atrial_Appendage	Heart_Left_Ventricle	Kidney_Cortex	Kidney_Medulla	Liver	Liver_Hepatocyte	Liver_Mixed_Cell	Liver_Portal_Tract	Lung	Minor_Salivary_Gland	Muscle_Skeletal	Nerve_Tibial	Ovary	Pancreas	Pancreas_Acini	Pancreas_Islets	Pancreas_Mixed_Cell	Pituitary	Prostate	Skin_Not_Sun_Exposed_Suprapubic	Skin_Sun_Exposed_Lower_leg	Small_Intestine_Terminal_Ileum	Small_Intestine_Terminal_Ileum_Lymphoid_Aggregate	Small_Intestine_Terminal_Ileum_Mixed_Cell	Spleen	Stomach	Stomach_Mixed_Cell	Stomach_Mucosa	Stomach_Muscularis	Testis	Thyroid	Uterus	Vagina	Whole_Blood
MASP2	4.77406	2.54824	2.23433	4.57703	4.52123	5.49093	4.99594	1.00352	1.32965	1.55047	18.6838	19.2353	2.22914	2.19017	1.23921	1.52997	1.8682	1.13549	1.96065	1.24616	4.71985	2.60187	3.63561	4.65686	8.84468	5.84708	4.60308	3.50531	3.41814	6.35306	5.78122	2.17868	4.94478	7.99973	1.21957	1.03662	1.13529	2.30731	98.152	121.383	142.925	34.9204	4.30487	4.97614	2.215	10.8976	7.30712	2.28768	2.39916	5.01364	1.84481	5.73512	4.28748	7.35418	7.789	6.40615	14.4308	5.38683	4.9395	3.6299	3.77191	2.2915	4.71301	4.24	5.23342	8.6706	3.96384	0.624742
PCSK9	0.0747005	0.282928	0.148748	0.205447	0.08593	0.108508	0.122413	0.035153	0.06446	0.0227135	21.256	20.2374	0.127694	0.117542	0.040236	0.122455	0.218174	0.0183775	0.125689	0.055029	0.103932	0.516851	0.012536	0.816652	0.232392	0.075287	1.74532	14.0653	12.4837	1.29868	0.136564	5.31771	0.160712	0.218172	0.02437	0.0111285	0.143178	0.317282	26.467	25.8709	28.0037	11.2185	7.06649	0.108214	0.011852	1.96578	0.073151	2.78089	2.37004	3.14304	2.13391	0.096918	0.102655	1.23561	1.6321	2.98475	0.14087	3.38048	0.257333	0.347208	0.333156	0.318555	0.0508575	1.15509	0.0302535	0.075269	1.27059	0.37432
TACSTD2	7.93639	2.89788	1.24639	7.87895	5.2207	6.53704	105.811	0.254376	0.170845	0.359202	0.230557	0.526132	0.393281	0.320175	0.412109	0.338994	0.300401	0.39526	0.504615	0.456312	133.467	3.45419	0.437925	500.337	7.41037	1.62389	1.66411	1.07833	0.608181	0.819591	2.51335	1815.61	2.7645	15.0753	0.646117	0.27297	74.9217	339.87	1.88913	0.389908	1.24552	308.326	162.048	860.409	0.596542	14.8829	2.51302	60.4583	37.4942	9.65945	42.4071	2.70341	209.318	928.685	898.887	2.63278	1.26161	2.95583	1.86984	12.5869	13.5681	12.3752	1.58227	1.23633	10.8065	5.8888	902.39	2.66996
JAK1	74.2373	58.8564	23.6038	44.7051	45.3312	58.1019	47.7261	11.1569	12.9549	13.3676	37.8513	32.3622	15.6478	18.2583	10.7789	15.0062	12.7355	11.1719	16.4546	12.6116	57.7065	82.6824	31.2486	44.9062	61.0668	38.761	31.8343	26.5073	20.0376	26.571	39.301	23.8636	38.1016	47.8647	19.4322	15.3872	15.7688	28.721	11.1969	13.3391	15.8243	41.8287	66.7491	26.9519	31.8391	40.9143	61.11	13.8753	10.5313	38.7181	12.962	36.3278	28.0632	41.3647	49.903	42.8349	85.8492	45.2565	59.7113	22.8047	20.5221	12.3854	29.3042	27.9752	44.9304	53.8051	42.4427	51.5953
PDE4B	12.4402	10.7053	1.43263	7.95378	7.23428	12.3953	4.0914	13.5757	11.0802	14.7918	10.49	12.2747	14.4671	15.6915	13.8345	15.2156	16.4042	13.8906	28.1578	16.1386	12.1575	7.15623	12.8733	4.92436	3.91296	3.44636	3.22526	2.89047	1.93538	2.23444	3.19723	1.50332	3.44875	3.66593	8.58874	1.88385	1.83856	2.37363	1.22575	1.45881	1.87225	11.9274	14.1813	9.19076	7.57872	7.90343	1.45999	0.384745	0.284057	2.5762	0.405084	2.55145	11.2406	4.61819	7.3225	8.04563	40.7447	16.5179	15.905	1.88469	1.99365	0.873228	4.5758	3.13791	7.5315	2.64088	4.07872	8.21547
NTRK1	0.297807	2.59802	0.595322	0.447806	0.722719	0.175266	0.44061	0.179476	0.188433	1.76368	0.147674	0.214534	0.29435	0.208086	0.208906	0.499805	1.15453	2.13678	0.241429	0.226064	0.53206	0.055776	0.055434	0.912374	2.65964	2.51947	0.720143	0.345821	0.190206	1.87819	1.92009	0.297745	1.68606	2.72746	1.62338	0.893418	2.57046	1.42886	0.135524	0.118937	0.140475	1.35953	1.50154	0.197595	0.339966	0.595253	0.116725	0.393295	0.538145	1.39748	0.528037	2.24692	4.63185	0.091967	0.0880635	0.459483	0.391908	0.446674	0.358443	0.627319	0.739221	0.28713	2.41368	3.95971	0.788939	2.8905	0.884557	0.367812
SERPINC1	0.247498	0.252524	0.202679	0.362677	0.360816	0.252675	0.193238	0.120951	0.126016	0.155371	0.279854	0.337119	0.158017	0.149276	0.130429	0.118124	0.143459	0.134382	0.166321	0.145016	0.20698	0.095129	0.066521	0.26041	0.249266	0.268203	0.21548	0.252108	0.107561	0.278902	0.310977	0.266718	0.342319	0.246024	0.124498	0.111832	0.838749	0.503282	1087.26	1365.17	1949.66	312.167	0.475909	0.183898	0.163323	0.383222	0.201206	0.114556	0.430537	0.351033	0.383424	0.327312	0.281106	0.218449	0.23548	0.296628	0.398582	0.96804	0.554879	0.235508	0.128026	0.105765	0.307582	1.06665	0.329091	0.259223	0.291377	0.789245
CHRM3	0.204371	0.129548	0.150728	0.204939	0.806126	0.333713	8.30078	0.860316	3.30772	0.657702	0.023705	0.0255955	4.6049	6.25653	0.85754	0.813913	0.44323	0.744102	0.0510365	0.119235	0.314628	0.008154	0.003747	0.153611	0.232852	7.16912	2.61166	2.01464	0.559877	7.6651	8.64432	0.793527	9.87933	0.388867	0.167455	0.0198525	0.469168	0.427429	0.091386	0.012069	0.044858	0.651091	0.605335	4.23868	0.013032	0.165917	2.06703	2.94905	2.86157	1.06523	2.68585	0.374091	0.606293	0.602513	0.937173	0.913894	0.111875	0.508929	0.321113	4.01901	4.29722	3.03255	5.64377	0.691716	1.42735	1.13909	0.170825	0.010962
TACR1	12.054	3.73159	0.291619	1.4658	3.2971	2.28098	3.89748	0.793021	1.19263	3.24123	0.013614	0.027944	0.899484	1.31519	0.508564	1.19536	2.10726	3.52581	0.162519	0.179388	8.64524	0.037124	0.235411	6.79927	8.84786	1.74123	0.94525	0.504128	0.044998	1.56535	2.52831	1.60461	1.9172	6.62765	0.092795	0.0328265	0.707057	0.871943	0.0260075	0.013068	0.028808	1.04168	0.890337	2.17075	0.1668	6.40581	0.738762	0.058061	0.013052	0.100586	0.0463435	0.192403	2.3334	3.35251	3.5907	1.01604	0.490942	0.537227	0.082392	0.369776	0.38025	0.035496	1.25714	0.146675	0.863994	7.25069	4.88873	0.011552
TRPM8	0.0120555	0	0.006607	0	0	0	0.008924	0.016715	0.029638	0.075634	0.047415	0.0582195	0.0204225	0.030421	0.012758	0.106522	0.038065	0.067589	0.029727	0.042839	0.0140415	0.0101895	0.014568	0.022161	0.008853	0	0.009798	0.0212185	0.018541	0	0	0	0	0	0	0	0.034529	0.008348	7.87742	9.95562	11.9515	2.1981	0.012873	0.027488	0.0060015	0	0	0.0281	0.021371	0.008425	0.022066	0.253907	14.8731	0.014475	0.0317075	0.013229	0.048395	0.033831	0.039462	0.004648	0.004571	0.004521	0	0.721985	0	0	0.026104	0.012594
PDCD1	0.990809	1.80356	0.36756	0.689371	0.920981	0.230014	1.10287	0.082926	0.055431	0.450716	0.024244	0.0481455	0.0607755	0.04834	0.07645	0.18981	0.420518	0.385085	0.444119	0.11038	0.770866	0	21.9196	1.65147	1.06193	0.366084	1.03845	1.81142	1.94589	0.416762	0.435017	0.990374	0.514856	1.52858	5.06924	0.822062	0.513299	0.414113	0.26873	0.185215	0.231171	10.829	3.38569	1.63392	0.064347	0.986196	0.388567	0.172925	0.174866	0.058855	0.217822	2.78886	1.29984	0.446818	0.353812	3.92951	27.6474	9.2635	13.1096	1.24663	1.85066	1.75111	1.07771	0.304565	2.27304	0.764888	1.22038	4.55041
SCN10A	0	0	0	0.065492	0.023102	0.017813	0	0	0	0	0	0	0.0098405	0.010462	0	0.002705	0	0	0.004676	0	0	0	0	0	0	0	0	0.005808	0	0.006674	0	0	0	0	0.065956	0.0440205	0	0	0	0	0	0.0138895	0	0	0	0	0	0	0	0	0	0	0	0	0	0	0.016141	0.0028775	0.014527	0	0	0	0	0.459287	0	0	0	0
DCK	14.7534	11.9603	8.68717	13.7034	14.6284	15.1527	10.3864	10.7861	12.5661	12.7387	19.4674	12.4611	8.90841	16.45	9.91119	14.0424	17.4392	10.1338	22.1679	10.9058	12.3401	16.7277	30.8075	11.8351	12.2147	9.27926	9.93608	10.4512	8.30532	6.06622	9.68445	10.9054	8.60937	11.046	3.64463	2.62838	4.21603	7.17452	1.80185	1.34949	2.27938	17.1011	13.973	8.59807	4.8242	15.9484	9.88264	2.78784	1.93064	11.2698	2.54097	6.8294	8.33762	12.7307	12.8375	14.7259	56.2511	24.3765	27.5639	6.57288	6.28019	3.78585	8.59618	6.71835	11.2241	13.2802	12.3212	10.8365
TACR3	0	0	0	0	0	0	1.34806	0.370694	0.15778	0.097499	0.02194	0.017686	0.132254	0.164444	0.250143	1.36346	0.136164	0.116122	0.503548	0.430703	0	0	0	0	0	0	0.013183	0	0.005787	0	0	0	0	0	0	0	0.173376	0.02564	0	0	0	0	0.047666	0	0.0306605	0	0	0	0	0.013219	0	0.053749	0	0.007927	0.015823	0.011882	0	0	0	0.014476	0.010529	0	0	0.0778345	0.020355	0	0	0
EDNRA	19.8085	12.6873	3.50906	17.4154	35.851	38.9025	21.794	1.2018	1.35878	1.61243	0.691937	0.810137	1.39025	1.47703	1.38645	1.54195	0.957235	1.65289	1.55043	2.21251	14.7308	5.49587	0.130849	60.3963	88.0811	5.08973	2.84877	1.61438	0.57237	1.38893	8.49272	4.55314	4.71222	55.3652	19.6666	6.19697	2.55147	5.58871	1.06967	0.218017	0.557904	17.7373	32.7716	9.8548	2.01734	19.5369	50.44	0.622264	0.322781	1.60975	0.657894	4.76071	31.4112	6.59692	7.60654	3.20921	0.719622	2.33204	8.9275	4.12881	4.4996	0.782951	20.3768	6.46456	15.452	55.0871	44.5046	0.024727
KLKB1	0.813741	0.75071	1.85102	2.09485	2.56219	2.68313	1.65231	2.4445	2.43534	3.67077	3.82403	4.12164	2.74785	2.30391	1.91219	2.07983	3.49183	2.65383	1.65639	1.70256	0.816419	0.097279	0.037249	1.49267	2.19953	3.14861	1.91218	1.43051	1.29002	2.47786	3.10355	0.397982	3.5648	2.20924	1.4408	0.883924	3.65444	9.48868	47.8235	33.3777	50.889	15.6588	1.69178	1.08712	0.388616	4.11151	1.1317	2.83129	4.4733	11.9924	3.84435	6.46241	2.34504	0.302093	0.396806	3.28881	2.60418	2.9901	3.44085	0.78915	0.812644	0.513286	1.94254	4.12608	3.65326	1.4516	1.27937	0.294566
IL5	0.0464275	0.050228	0.024692	0.152099	0.116311	0.112544	0.059128	0.043947	0.060013	0.0672095	0.124825	0.184379	0.0658805	0.05801	0.057893	0.078248	0.056811	0.0463735	0.0914095	0.06239	0.052875	0	0.070438	0.06285	0.086409	0.106219	0.051339	0.0420375	0.0323685	0.04697	0.10762	0	0.081031	0.140638	0.028142	0	0.020378	0	0	0.027253	0.033564	0	0.0697605	0.039096	0.029072	0.121164	0.185544	0	0.062673	0.032896	0.013564	0.13858	0.0582765	0	0	0.075713	0.097965	0.0377065	0	0.039817	0	0	0.0587735	6.48354	0.0882435	0.170451	0.0820205	0
CSF1R	40.1414	36.4223	26.3245	31.3296	34.6539	17.6648	19.1945	12.3748	7.38279	11.8806	3.50739	2.98924	7.5295	7.65057	11.4222	16.8835	10.0308	7.9646	33.8681	21.5324	17.9317	0.489138	0.892983	10.9222	18.7041	19.0454	17.1919	21.0929	13.9504	18.5965	16.0935	7.34413	15.3539	22.7747	6.31457	4.16207	4.27608	7.70148	2.58873	4.7201	7.28812	77.8899	40.7482	14.1193	2.17457	52.0341	10.2037	3.69	1.87314	3.0267	3.53671	13.962	15.9557	12.7754	13.8066	32.5617	30.0641	34.3379	233.319	16.6504	17.7793	16.9042	14.7658	5.88821	9.05825	12.0114	10.1254	46.3007
F12	0.334008	0.566671	0.16601	0.14675	0.286924	0.230182	0.433944	2.09307	3.29233	3.75208	0.251183	0.298263	3.25723	3.73801	2.33267	2.0313	5.55111	2.7871	0.280845	0.733571	0.598094	0.516452	4.21153	2.89905	0.375814	0.454103	1.84297	2.41549	2.27345	0.624984	0.192275	8.13329	0.217127	0.693503	0.326655	0.0381985	2.4579	0.931521	347.111	240.675	204.359	52.6854	1.27883	0.851811	0.057743	0.274268	0.100484	0.676847	0.868775	3.72913	1.00491	1.74804	0.947958	4.31921	4.34827	1.83806	1.24829	2.55009	1.5757	0.293865	0.336906	0.218436	0.204645	3.74894	0.709887	0.308766	4.31506	4.14487
ROS1	0.009609	0.009839	0	0.0012615	0.0046555	0.006949	0.004676	0.005893	0.15022	0	0.009229	0.010276	1.10809	0.9877	0.006566	0.00697	0	0	0	0	0.0030395	2.82995	0.013989	0.003496	0.005307	0	0.090587	0.271669	0.271632	0.01988	0	0	0	0.016068	0.010593	0.0077865	0.0637955	0.25245	0.0159525	0.003928	0	0.585563	13.392	0.01171	0.0363595	0.0144025	0	0.013836	0.006909	0.006796	0.0073615	0.087417	0.012535	0.109945	0.024527	0.077582	0	0.059962	0	0.050203	0.042784	0.060444	0	1.06231	0	0	0	0
ESR1	2.16258	1.67265	1.12392	2.94045	2.69776	2.98879	2.16962	0.11751	0.124462	0.142909	0.860667	1.33995	0.222536	0.150778	0.122299	0.447511	0.19973	0.090004	0.207868	0.119622	5.73271	0.336048	0.137988	62.0358	104.027	0.557176	0.391941	0.234935	0.168053	0.224743	0.915353	0.312383	0.732697	53.8073	0.728547	0.315515	0.796169	1.09748	3.74212	0.799801	0.864222	1.70911	1.93576	0.583787	0.6215	2.22578	8.13183	0.240707	0.126051	1.87387	0.183058	6.03574	4.96637	0.866903	0.761234	0.579006	0.95896	0.412019	1.49642	0.325289	0.223963	0.096966	0.359533	2.81404	2.68875	67.5104	46.7993	0.160866
EGFR	35.2119	23.0304	12.9761	21.3155	17.9926	29.5983	20.9405	4.63782	4.83566	6.97257	2.02512	4.04339	5.61708	4.94629	2.76116	2.93919	6.5608	4.92786	1.66769	3.7892	29.8188	56.6774	0.134357	31.617	22.8655	16.6372	13.6149	12.3804	10.2718	12.2175	31.0475	26.4774	28.308	22.5481	4.39467	2.70664	4.65822	10.4363	15.0662	17.1155	16.9936	20.7452	20.373	28.4123	6.03522	38.7467	18.3228	5.87817	4.60972	1.79886	4.81121	3.85308	24.2861	68.3406	70.1852	11.7775	5.80535	9.3866	5.96966	9.65402	10.4876	5.2352	17.9004	4.95614	22.6058	19.4709	37.4587	0.05314
MET	14.8999	16.5095	0.363559	6.29969	6.0326	3.94683	7.73695	0.419267	0.565335	0.423487	0.125053	0.196178	3.22849	3.60169	1.69852	0.633597	0.248821	0.579831	1.12228	0.716648	15.5572	19.5127	0.06324	7.34699	5.92963	5.58218	6.35204	8.06493	7.30417	2.20466	3.95119	4.17459	4.21481	6.11073	2.71107	2.28809	10.3884	11.7601	11.7144	13.9061	15.7088	22.2671	10.1099	12.6284	7.18015	21.7515	1.03243	4.13842	3.44568	1.42586	4.38058	6.93214	7.43369	9.49726	8.67082	4.68808	0.746768	4.88638	4.86789	5.31275	5.35828	4.45919	2.61936	0.549595	17.0559	6.72683	8.26934	0.03482
PTK2B	19.4567	26.8373	13.0006	13.5264	18.308	18.8889	22.2174	35.5307	62.7534	31.3765	234.751	224.305	109.424	120.171	59.7702	10.6657	66.0766	22.4625	12.0903	6.4479	17.4653	16.9752	254.251	26.7696	22.2264	12.8911	29.4986	35.0839	37.1462	14.1916	11.9778	22.8841	12.4638	25.9384	7.06817	2.88077	12.3579	16.9349	8.7043	8.50356	8.12864	35.0999	50.8333	34.9097	2.55323	27.0088	7.82942	6.64795	5.95475	12.1748	6.56254	21.9432	43.5844	54.8337	49.9805	53.806	186.816	86.9312	118.614	13.9684	13.5587	11.2998	10.9423	19.655	22.5827	19.7528	25.5323	175.788
PTK2	27.7033	19.7458	20.3058	29.8479	34.5571	55.0358	21.6028	17.6199	16.3856	18.8691	24.4606	25.1609	21.3881	22.5182	21.2335	16.2491	16.3376	18.5073	30.1789	19.731	23.5206	19.3052	4.73447	19.6126	24.9536	20.8878	15.2049	12.9765	9.36556	15.328	19.1019	10.9018	18.7891	24.2594	7.99366	6.70461	9.77756	20.7558	4.57994	4.6597	4.99783	14.8526	23.7269	19.5304	9.86141	32.4914	21.6981	6.39768	5.07093	16.3438	5.54422	13.4789	20.3479	13.9092	15.411	14.795	9.89615	12.9457	10.6115	14.1464	14.0205	11.0163	13.5612	26.2915	24.7608	27.2339	18.9409	0.706863
JAK2	19.7044	13.4956	5.34664	46.1082	31.2844	66.5938	13.2336	2.77359	2.94858	3.22541	10.0387	9.76099	4.08616	4.16393	2.75709	3.7411	3.57607	2.51899	4.94	3.04749	14.6703	5.66758	14.6138	15.4544	16.7002	11.2	8.14838	6.72415	4.31306	7.2829	12.313	8.92311	12.2663	12.2418	4.28487	4.58016	2.915	4.19439	1.811	1.41942	1.45899	16.8183	18.3434	5.30376	5.65539	19.8029	17.025	1.96547	1.30327	3.47977	1.6423	5.16925	8.27176	15.5196	17.3097	11.5749	21.6383	10.4664	16.5851	6.95086	6.25487	2.98672	10.1387	9.7768	9.31698	17.6585	17.4768	11.8368
NTRK2	19.9333	5.79232	0.398617	3.59858	18.3191	30.9955	2.42835	64.7739	64.9404	59.3653	18.1215	16.5055	59.9702	60.4992	33.8779	33.9256	57.1568	48.3348	11.7641	31.7365	12.6036	0.022547	1.42406	5.12286	2.2476	1.41002	1.04047	0.575584	0.506145	0.521551	1.6697	1.89964	1.34638	4.1969	3.91575	0.423633	1.20854	6.03448	0.135049	0.018848	0.081889	3.54095	1.45614	4.63503	0.461336	23.3349	4.0423	1.95173	1.17221	0.683784	1.70522	3.99787	1.31193	3.4839	4.79958	0.658177	0.069401	0.581872	1.86397	0.407212	0.390119	0.019948	0.989999	0.80173	29.2546	2.50873	6.39247	0.037665
MYBPC3	0.546901	0.624936	3.74901	0.395776	0.650756	0.282427	0.267419	0.137089	0.133015	0.153504	0.165853	0.267959	0.256892	0.142145	0.132109	0.156479	0.14688	0.150068	0.215711	0.193533	0.354636	0.0581445	0.225767	0.211647	0.170207	0.361771	0.309084	0.32375	0.261894	0.303667	0.336149	0.195643	0.333388	0.274722	1003.89	1396.55	0.245108	0.273585	0.187459	0.136345	0.184673	1.26419	2.308	0.329532	0.272129	0.551434	0.267873	0.108604	0.028935	0.04532	0.0532175	0.218358	0.313691	0.323767	0.325434	0.620417	1.82975	0.90396	5.80445	2.765	4.11306	4.51075	0.471795	4.24003	0.382591	0.297317	0.344163	11.1881
CHRM1	0.0196315	0.033257	0.063872	0.018806	0.021761	0.074183	0.043101	14.7898	27.7249	25.7884	0.192919	0.182595	51.4236	50.6769	19.7209	1.53056	38.673	22.1371	0.277206	0.513036	0.499853	0.0192345	0	0.045015	0.107169	0.644136	0.587425	0.421257	0.409198	0.402721	0.230484	0.0412915	0.227645	0.110003	0.030485	0.018313	0.127929	0.102776	0	0	0	0.111477	2.1121	17.81	0.011415	0.0507385	0.021388	0.0663245	0.053676	0.038841	0.0683105	0.04728	26.3581	3.00903	4.06656	0.402283	0.046096	0.258691	0.00999	0.573113	0.513968	0.347316	0.815926	0.160343	0.122413	0.062078	0.044705	0.014921
MEN1	20.1376	19.7962	26.7427	16.9764	19.0325	14.2222	23.8557	9.30241	13.1202	14.1826	41.2542	46.7502	23.3174	19.7184	10.6753	12.1638	14.9511	11.8997	9.7598	9.87138	22.9253	39.8412	34.2934	30.4445	34.982	18.3335	19.8171	18.6402	20.0589	17.8485	18.6133	26.268	17.5287	28.2716	7.35626	5.26215	14.4425	24.2971	16.4585	18.2654	16.093	24.2124	27.9725	27.2642	6.29258	29.3054	36.9636	13.1099	15.7793	20.2376	14.155	35.27	33.5662	31.1025	32.3229	26.0946	51.4633	29.4434	38.462	20.8675	21.7712	21.114	17.4705	30.5053	45.6344	33.5155	28.6062	12.2504
CTSC	17.12	22.9841	8.85993	10.2744	14.6183	4.5563	11.2104	1.13046	0.997068	1.16265	0.376982	0.309946	0.796181	1.21456	1.32814	2.12849	1.14148	0.879619	3.68374	1.91404	12.0622	61.7228	35.9977	11.1631	8.21524	7.46158	12.8669	18.1304	12.529	6.28663	5.10433	9.14206	4.79032	9.59881	3.02585	1.38513	10.0066	10.401	2.54621	2.67122	4.285	14.1705	37.7509	6.4033	1.28747	12.8715	4.81401	3.38029	3.13144	2.27106	3.78831	6.99164	5.04774	5.24721	5.41423	15.8479	19.1825	20.6715	37.4357	5.57318	4.97701	3.49879	3.14383	2.77135	12.6877	8.47328	10.5383	24.4332
APOC3	0.121594	0.30887	0.309156	0.172316	0.202576	0.096189	0	0	0	0.036553	0.133394	0.375772	0.08451	0	0	0	0	0.0259805	0	0	0.190187	0.376978	0	0	0	0.152538	0.29642	1.20711	0.454975	0.324537	0.124643	0.304852	0.168919	0.060019	0.141739	0.0645805	1.52116	0.54676	8258.12	5744.92	5824.3	1315.67	0.461142	0.189508	0.0357105	0.0608225	0.377288	0.354804	1.53128	1.59728	1.60898	0.403071	0.252405	0.094675	0	114.152	4.02554	323.691	0.580678	0.355516	0.07449	0.048763	0	1.081	0.281913	0.408323	0.201593	1.04414
CD3D	0.505312	0.830895	0.167488	0.386307	0.484684	0.137886	1.13408	0.036637	0.020465	0.035123	0.024181	0.0216495	0.0211735	0.023412	0.044197	0.081419	0.024744	0.034786	0.323912	0.079138	0.416373	0	0.068608	0.947729	0.708575	0.169347	1.37995	2.24886	2.40976	0.299719	0.191318	0.761002	0.222092	0.664014	0.113962	0.037841	0.174536	0.12136	0.273187	0.197385	0.390476	11.9234	2.75878	0.635011	0.053137	0.338966	0.121566	0.11335	0.093079	0.060746	0.174027	0.185829	0.796759	0.379805	0.253982	6.44476	34.7933	12.7599	12.4614	0.999315	1.34352	1.24529	0.3745	0.194045	0.829112	0.438588	0.929917	9.059
CACNA1C	3.29652	2.5351	0.74891	19.495	22.2958	19.7651	14.6881	1.86845	2.75467	1.97883	5.4242	6.46445	4.90536	4.43322	1.53321	2.49348	2.71303	1.78618	0.902011	1.09184	2.41114	4.66385	0.023205	3.47873	9.45755	36.7341	9.30513	5.47875	0.341806	32.6388	15.8745	1.33976	20.8075	7.03397	9.27228	9.00973	0.94538	3.28249	0.166817	0.016983	0.056312	4.77846	5.90311	1.01607	0.42069	2.27322	1.5992	0.358031	0.174287	6.24916	0.341036	6.75993	7.96842	0.860862	1.40809	2.24231	1.70446	1.96965	3.84067	1.74718	3.30346	0.68275	14.0264	3.8692	1.67875	28.1747	3.84267	0.030682
PAH	0.01157	0.046433	3.22909	0.0130605	0.019179	0	0.025581	0.977615	1.77547	0.560694	0.462206	0.65378	2.3949	2.74692	0.635905	0.615004	0.233897	0.394929	1.25076	0.667148	0.063208	0	0.075546	0.0333965	0.035497	0.078438	0.038546	0.0652605	0	0.03568	0.027285	0.025474	0.023383	0.055506	0.009655	0	34.7387	1.24764	278.774	235.272	231.722	95.9584	0.028715	0.065278	0.0057675	0.103712	0.089159	3.06859	3.82128	2.12543	3.67748	2.79655	0.290747	0.011449	0.0108155	0.062977	0.076109	0.0892865	0.044758	0.040065	0.013578	0.010632	0.0573505	4.50042	0.290753	0.024648	0.0271605	0.023659
MAP2K1	43.5482	32.4534	21.514	42.9646	34.772	41.9171	25.8543	27.8252	43.8332	32.6644	68.7083	40.6574	32.1404	65.5359	32.1966	30.045	56.8802	24.2615	24.2854	16.3633	28.8963	39.4513	78.5861	34.2388	31.1359	23.7511	19.1523	16.218	12.6265	15.9212	22.7258	34.7951	22.7592	27.5696	15.3028	11.6193	12.7269	19.3459	20.2063	21.9311	25.6998	26.4886	37.0368	22.8054	32.3755	34.2725	27.471	7.4395	6.5685	13.443	7.45973	25.6416	22.5972	19.0511	19.7326	22.2725	32.5632	23.6112	28.4905	15.2638	13.7167	9.07226	19.1668	18.4171	23.0383	31.5701	33.7807	24.7351
NTRK3	3.01116	1.78437	0.574674	22.8875	22.9892	34.1701	4.27606	5.08275	6.60841	7.26698	13.7768	16.0924	8.57935	8.05268	4.0889	5.21652	8.17602	5.14332	1.87981	3.90081	2.86656	0.017216	0.007416	1.48655	4.38763	1.10293	0.782101	0.420231	0.0965135	0.622684	0.970491	0.357977	0.809169	4.82509	1.09314	0.305344	0.810362	1.45626	0.114162	0.009153	0.061311	4.47994	2.27279	2.41907	0.248331	9.67428	1.07974	0.0751475	0.029823	0.128326	0.106197	4.41936	3.14484	1.03069	1.66702	0.698114	0.224682	0.497401	0.867748	0.640418	0.741675	0.10171	0.848413	2.62853	1.07153	4.77163	1.3775	0.016624
TNFRSF17	0.133038	0.161823	0.038774	0.127521	0.186166	0.03909	0.162607	0.046579	0.019882	0.206647	0.218055	0.198267	0	0	0.050587	0.047961	0.109173	0.198253	0.0690755	0.063425	0.235247	0.0849625	147.401	0.55124	0.664303	0.075543	7.39207	16.963	16.985	0.854793	0.065262	0.315064	0.042483	0.438007	0.034047	0	0.09868	0.128669	0.131398	0.057764	0.245222	8.61873	0.793862	7.37805	0.0294185	0.23678	0.27836	0.051069	0.056262	0	0.0576005	0.221992	0.212435	0.080167	0.0770595	8.02881	38.9377	19.4805	20.6061	1.19862	2.96411	2.77963	0.047761	4.34561	0.283964	0.310299	0.303353	1.08394
TK2	24.4535	17.3416	18.3618	18.5693	17.4873	14.8578	13.5967	8.74384	9.85762	8.94304	10.6477	11.4884	10.5062	10.9476	7.59111	8.82121	10.0375	7.79577	9.77994	9.07909	18.5411	18.9258	1.49316	13.6423	19.1298	10.6667	7.58673	6.47692	5.04684	8.7471	11.8648	6.30118	10.6661	17.8207	6.61618	3.65769	9.12034	13.859	9.64437	11.1703	11.8756	12.8969	14.5051	10.3706	3.33722	25.644	21.7024	6.46264	6.9011	10.9131	7.28343	17.3232	14.9558	7.46524	8.9164	8.75703	7.52107	8.23775	13.318	7.94664	7.47033	5.78877	10.1595	30.8512	18.7025	17.6967	11.528	7.34803
TNFSF13	28.7329	39.3214	34.1477	54.8938	41.0481	26.2497	26.4503	29.2707	27.9795	40.3922	12.3508	15.0536	31.4562	29.2021	16.8549	19.2616	38.3979	33.8736	17.6603	23.6974	30.8985	5.11564	20.877	32.632	39.2614	27.2999	39.9692	51.9588	47.0262	29.7599	29.1426	12.0992	26.4353	43.4759	13.636	5.23622	42.0288	82.8929	9.13982	7.76655	8.68479	51.9422	97.5615	86.4401	3.60954	60.8158	45.6453	15.9895	18.0209	16.6427	17.81	29.2302	40.1157	13.7071	16.1828	33.2071	30.3403	35.0065	52.8301	41.8284	40.2192	38.2836	38.8797	7.18858	51.326	29.0403	27.4368	69.3687
ERBB2	14.6976	15.6299	5.56245	85.9546	56.5349	65.6749	43.7921	7.61215	5.99652	8.80488	3.55721	5.36357	6.46342	4.9177	4.77089	4.73793	9.2986	6.52738	5.32007	6.92734	35.5915	35.9778	4.45662	65.3186	53.7018	31.8894	50.642	67.7827	70.7924	23.4268	35.7146	110.251	33.4771	49.7195	36.7964	20.9024	52.8506	92.5487	13.3947	6.33278	7.20998	41.2506	48.7264	82.7775	10.794	131.143	39.2257	18.0004	18.2893	6.23955	18.9137	17.5334	84.4159	110.294	117.6	43.9961	8.70628	47.7807	9.26237	34.405	35.6891	32.0892	22.7788	21.5169	98.8514	47.8566	77.2063	1.77589
SSTR2	3.63234	4.29857	2.59086	0.572049	1.24305	0.901755	1.18274	3.61282	7.34746	3.6387	38.1153	33.9958	7.556	8.97785	5.14275	3.2743	7.91608	2.06549	1.23768	1.14789	2.88154	0.065155	3.79347	0.612846	0.946335	0.761434	0.973979	1.04387	0.866832	0.384597	1.14398	0.269234	1.11225	2.38188	0.369538	0.421689	3.10489	11.9097	0.530992	0.320345	0.548634	4.20671	0.713534	0.463608	0.531442	2.44997	0.348723	0.336285	0.223038	15.907	0.454778	4.61947	2.30507	0.410105	0.467727	0.896134	0.340346	0.85487	11.8523	1.65743	2.09275	1.93303	0.842052	0.811954	2.61559	1.63117	0.850157	0.024918
TK1	3.39189	3.26922	2.62252	6.10452	5.50525	2.04316	2.04533	1.27045	0.88883	5.40237	2.54968	2.35464	1.36731	1.35772	1.83988	1.08849	6.37789	4.55868	2.8243	1.59145	5.50434	97.0507	134.116	8.7544	4.01458	4.57594	15.7051	33.5703	26.7386	8.37611	16.9129	34.6995	18.5088	6.10847	1.19199	1.25383	7.00975	15.9352	4.2973	4.8324	3.99368	4.86695	12.995	7.16968	2.35496	2.97283	1.75401	3.40095	3.89614	1.76517	3.5866	0.799101	5.83198	10.2483	9.38268	17.1726	20.3173	30.9863	16.0834	10.4083	7.44822	7.94616	13.7985	7.36297	3.75433	3.09786	11.6996	10.3482
MAP2K2	81.147	73.2745	90.1674	79.0644	73.8206	70.4778	82.8525	62.9292	77.2957	63.9342	112.854	117.895	98.3462	96.8218	60.2132	71.3912	65.5488	59.8857	67.3416	63.117	78.0938	133.351	126.624	94.8002	110.018	91.9518	92.2306	117.478	98.2932	83.0094	80.3336	99.2855	80.9187	94.5763	53.6041	54.3876	44.3438	85.9446	45.2988	63.9042	58.0695	79.6412	89.6788	72.8581	110.699	106.035	114.191	49.7474	50.4529	60.5055	52.3363	116.791	115.9	91.7282	97.7169	96.1981	115.218	114.849	105.315	70.9917	78.6668	75.7951	88.3651	197.086	103.248	109.35	94.6872	133.624
CLPP	32.2973	32.4374	38.7368	36.7919	35.6555	37.1839	32.4495	16.5063	18.1195	17.6461	35.5943	32.5552	18.7655	20.7789	15.6942	19.4453	18.9863	15.7593	22.1129	18.8897	33.3163	64.1604	83.9831	31.2281	35.7626	33.3866	28.9751	28.2108	20.8014	31.9531	34.3799	34.1375	35.1319	39.2133	20.559	20.4476	24.5427	29.8449	25.0014	27.6087	31.1011	32.6832	35.3379	26.2996	38.1472	36.2074	34.379	14.4006	14.0203	24.8116	15.1274	35.6004	33.6766	31.0184	33.7011	30.3562	37.1563	35.8898	34.9108	28.8401	29.2329	26.864	41.5735	37.9234	34.1394	37.3779	31.7062	24.5152
TYK2	42.7244	34.8979	30.2591	33.0206	34.806	28.8777	37.316	11.6761	12.2317	12.8859	46.1019	52.4591	18.6368	15.0229	11.9622	14.2333	13.7177	11.3112	21.551	13.0977	42.0796	39.1159	96.9832	44.0858	54.3287	32.4441	32.8746	32.6881	35.7848	34.0106	29.2255	25.0374	28.5617	50.9451	16.4338	11.8889	22.7475	40.1785	23.8574	31.924	25.0809	59.9906	64.4169	37.9744	13.9216	63.2242	54.5589	17.1184	18.4066	45.0986	18.7036	51.2556	48.0809	36.159	38.3491	47.0701	112.887	61.3611	98.0611	28.5285	30.9685	21.2736	23.9666	14.1988	58.7255	51.1473	39.5745	105.928
JAK3	7.61535	11.1807	3.78149	4.87968	7.68755	2.04297	6.86403	2.49558	3.60343	2.09661	5.93816	6.67467	5.46553	5.1523	2.43321	5.49195	2.40772	1.57289	2.69729	2.59629	8.2721	2.78287	43.7664	7.20882	9.40531	3.48195	5.89829	4.62254	4.95943	3.95023	2.91399	4.02505	2.88853	12.7202	2.67261	1.02559	5.20073	5.77948	1.99039	2.42725	2.1239	53.0367	28.9238	6.4018	0.52041	6.34077	41.2387	1.24749	1.45527	2.11862	1.21805	6.28921	9.34461	2.64894	2.64485	16.7177	128.706	35.3988	118.914	3.99	4.53649	3.06952	3.86574	6.89519	9.96146	5.47818	6.1703	200.205
FCGRT	229.239	225.769	89.2667	114.424	145.145	86.117	118.233	17.99	15.8587	18.431	7.18546	10.2231	16.8627	13.5356	15.0026	17.404	17.6791	16.1106	25.6127	22.6105	189.126	31.6638	1.49922	184.341	273.285	110.435	160.892	215.202	212.187	117.615	102.77	36.9496	92.3466	206.203	53.4917	23.4631	78.9064	88.5072	124.284	107.122	129.875	155.552	206.657	87.2852	23.1375	198.267	223.058	30.7147	31.3837	34.8769	34.1372	78.2106	115.705	85.0593	101.447	186.752	112.488	232.463	326.245	77.8812	84.667	65.2623	120.191	44.7258	137.298	184.222	138.185	255.204
BTK	5.38175	4.23584	1.84293	2.86616	3.70735	1.45544	3.30051	0.856992	0.5718	0.708907	0.32093	0.294704	0.545208	0.565136	0.783931	1.1224	0.648693	0.530578	4.09635	1.58043	2.565	0.025502	111.868	2.1862	2.10222	2.14195	3.51065	3.72743	3.37532	2.31208	2.75009	1.40057	2.78192	2.21921	0.755552	0.436682	0.48796	0.705026	0.599671	0.729314	0.919915	9.35926	15.6836	2.60285	0.244682	4.26094	0.793453	0.375664	0.232526	0.901191	0.499934	0.839376	2.28072	2.2002	2.47291	8.70871	73.8943	23.4743	47.5093	2.09314	2.0877	1.31041	1.85104	1.5196	1.18907	1.93401	2.04754	36.4791
